Album,Song,Total Weighted Score,Enjoyability,Emotional Impact,Messaging,Lyricism,Nostalgia / Longetivity,Overall Sound,Total RAW Score,Enjoy,Emotion,Message,Lyricism,Nostalgia,Overall Sound,Single Released,On Original Album,Deluxe or TV Album,Track,First Release,Re- Release,Favorite Lyric,Notes/Alternate Versions
,,,,,,,,,,22%,15%,5%,31%,12%,15%,,,,,,,,
folklore,illicit affairs,10.00,10,10,10,10,10,10,60,2.20,1.50,0.50,3.10,1.20,1.50,FALSE,TRUE,FALSE,8.10,2020,,"""You taught me a secret language I can't speak with anyone else""",long pond studio sessions
evermore,"no body, no crime (ft. HAIM)",10.00,10,10,10,10,10,10,60,2.20,1.50,0.50,3.10,1.20,1.50,TRUE,TRUE,FALSE,9.06,2020,,"""Good thing my daddy made me get a boating license when I was fifteen
And I've cleaned enough houses to know how to cover up a scene""",
folklore,cardigan,9.80,10,10,9,10,10,9,58,2.20,1.50,0.45,3.10,1.20,1.35,TRUE,TRUE,FALSE,8.02,2020,,"""You drew stars around my scars""",long pond studio sessions; cabin in candlelight version
folklore,my tears ricochet,9.54,10,10,10,9,10,9,58,2.20,1.50,0.50,2.79,1.20,1.35,FALSE,TRUE,FALSE,8.05,2020,,"""And if I'm dead to you, why are you at the wake?""",long pond studio sessions
evermore,willow,9.52,10,10,9,9,9,10,57,2.20,1.50,0.45,2.79,1.08,1.50,TRUE,TRUE,FALSE,9.01,2020,,"""Every bait and switch was a work of art""",dancing witch version (Elvira remix); lonely witch version; moonlit witch version; 90's trend remix
The Tortured Poets Department: The Anthology,How Did It End?,9.49,9,10,9,10,8,10,56,1.98,1.50,0.45,3.10,0.96,1.50,FALSE,FALSE,TRUE,11.21,2024,,"""Say it once again with feeling
How the death rattle breathing
Silenced as the soul was leaving""",
folklore,this is me trying,9.47,9,10,10,9,10,10,58,1.98,1.50,0.50,2.79,1.20,1.50,FALSE,TRUE,FALSE,8.09,2020,,"""I was so ahead of the curve, the curve became a sphere
Fell behind all my classmates, and I ended up here""",long pond studio sessions
Red TV,Nothing New (ft. Phoebe Bridgers) TV FTV,9.42,10,10,10,9,9,9,57,2.20,1.50,0.50,2.79,1.08,1.35,FALSE,FALSE,TRUE,4.22,2021,,"""How can a person know everything at 18 but nothing at 22?
Will you still want me when I'm nothing new?""",
The Tortured Poets Department,I Can Fix Him (No Really I Can),9.41,10,9,9,10,8,9,55,2.20,1.35,0.45,3.10,0.96,1.35,FALSE,TRUE,FALSE,11.11,2024,,"""His hand so calloused from his pistol
Softly traces hearts on my face""",
The Tortured Poets Department: The Anthology,The Prophecy,9.35,9,10,10,9,9,10,57,1.98,1.50,0.50,2.79,1.08,1.50,FALSE,FALSE,TRUE,11.26,2024,,"""But even statues crumble if they're made to wait""",
evermore,ivy,9.33,10,10,9,8,10,10,57,2.20,1.50,0.45,2.48,1.20,1.50,FALSE,TRUE,FALSE,9.10,2020,,"""My pain fits in the palm of your freezing hand""",
folklore,exile (ft. Bon Iver),9.15,10,10,10,9,8,8,55,2.20,1.50,0.50,2.79,0.96,1.20,TRUE,TRUE,FALSE,8.04,2020,,"""You're not my homeland anymore
So what am I defending now?""",long pond studio sessions
Midnights,Maroon ,9.14,9,9,8,10,8,9,53,1.98,1.35,0.40,3.10,0.96,1.35,FALSE,FALSE,FALSE,10.02,2022,,"""The mark you saw on my collarbone, the rust that grew between telephones""",
evermore,long story short,9.14,10,9,9,10,7,8,53,2.20,1.35,0.45,3.10,0.84,1.20,FALSE,TRUE,FALSE,9.12,2020,,"""Pushed from the precipice
Climbed right back up the cliff
Long story short, I survived""",
The Tortured Poets Department,The Smallest Man Who Ever Lived,9.12,9,10,10,10,7,8,54,1.98,1.50,0.50,3.10,0.84,1.20,FALSE,TRUE,FALSE,11.14,2024,,"""Were you sent by someone who wanted me dead?
Did you sleep with a gun underneath our bed?""",
evermore,champagne problems,9.00,9,10,9,9,9,8,54,1.98,1.50,0.45,2.79,1.08,1.20,FALSE,TRUE,FALSE,9.02,2020,,"""'She would've made such a lovely bride
What a shame she's fucked in the head,' they said""",
The Tortured Poets Department,Clara Bow,8.99,8,7,10,10,9,10,54,1.76,1.05,0.50,3.10,1.08,1.50,FALSE,TRUE,FALSE,11.16,2024,,"""It's hell on earth to be heavenly""",
Speak Now TV,Castles Crumbling (ft. Hayley Williams) TV FTV,8.92,9,9,9,10,7,8,52,1.98,1.35,0.45,3.10,0.84,1.20,FALSE,FALSE,TRUE,3.21,2023,,"""Smoke billows from my ships in the harbor
People look at me like I'm a monster""",
The Tortured Poets Department,Guilty as Sin?,8.86,8,10,7,9,8,10,52,1.76,1.50,0.35,2.79,0.96,1.50,FALSE,TRUE,FALSE,11.09,2024,,"""Without ever touching his skin
How can I be guilty as sin?""",
The Tortured Poets Department: The Anthology,The Black Dog,8.57,9,7,8,10,7,8,49,1.98,1.05,0.40,3.10,0.84,1.20,FALSE,FALSE,TRUE,11.17,2024,,"""Six weeks of breathing clean air
I still miss the smoke""",
folklore,invisible string,8.54,10,7,10,8,8,9,52,2.20,1.05,0.50,2.48,0.96,1.35,FALSE,TRUE,FALSE,8.11,2020,,"""Chains around my demons, wool to brave the seasons
One single thread of gold tied me to you""",long pond studio sessions
folklore,mirrorball,8.48,10,9,9,7,8,9,52,2.20,1.35,0.45,2.17,0.96,1.35,FALSE,TRUE,FALSE,8.06,2020,,"""I'm still on that tightrope
I'm still trying everything to get you laughing at me""",long pond studio sessions
folklore,seven,8.36,10,8,10,8,9,6,51,2.20,1.20,0.50,2.48,1.08,0.90,FALSE,TRUE,FALSE,8.07,2020,,"""And though I can't recall your face
I still got love for you""",long pond studio sessions
evermore,cowboy like me,8.27,10,7,10,8,7,8,50,2.20,1.05,0.50,2.48,0.84,1.20,FALSE,TRUE,FALSE,9.11,2020,,"""Now you hang from my lips
Like the Gardens of Babylon""",
The Tortured Poets Department: The Anthology,The Bolter,8.26,8,8,10,9,8,7,50,1.76,1.20,0.50,2.79,0.96,1.05,FALSE,FALSE,TRUE,11.29,2024,,"""Splendidly selfish, charmingly helpless
Excellent fun 'til you get to know her""",
folklore,august,8.10,10,7,9,8,6,8,48,2.20,1.05,0.45,2.48,0.72,1.20,FALSE,TRUE,FALSE,8.08,2020,,"""Salt air, and the rust on your door
I never needed anything more""",long pond studio sessions
evermore (deluxe edition),right where you left me,8.10,9,8,10,7,10,7,51,1.98,1.20,0.50,2.17,1.20,1.05,FALSE,FALSE,TRUE,9.16,2020,,"""I cause no harm, mind my business
If our love died young, I can't bear witness""",
The Tortured Poets Department: The Anthology,The Albatross,8.08,6,6,9,10,8,9,48,1.32,0.90,0.45,3.10,0.96,1.35,FALSE,FALSE,TRUE,11.19,2024,,"""The devil that you know
Looks now more like an angel""",
Red TV,All Too Well (10 Minute Version) TV FTV,7.91,9,8,8,7,8,8,48,1.98,1.20,0.40,2.17,0.96,1.20,FALSE,FALSE,TRUE,4.29,2021,,"""You said if we had been closer in age, maybe it would've been fine
And that made me want to die""",Sad Girl Autumn Version; The Short Film
Reputation,Dress,7.91,9,8,8,7,8,8,48,1.98,1.20,0.40,2.17,0.96,1.20,FALSE,TRUE,FALSE,6.12,2017,,"""All of this silence and patience, pining in anticipation
My hands are shaking from holding back from you""",
evermore,tolerate it,7.74,10,9,8,7,6,6,46,2.20,1.35,0.40,2.17,0.72,0.90,FALSE,TRUE,FALSE,9.05,2020,,"""I made you my temple, my mural, my sky
Now I'm begging for footnotes in the story of your life""",
folklore (deluxe version),the lakes,7.73,10,5,9,10,4,5,43,2.20,0.75,0.45,3.10,0.48,0.75,FALSE,FALSE,TRUE,8.17,2020,,"""I want auroras and sad prose
I want to watch wisteria grow right over my bare feet""",long pond studio sessions; original version
SINGLE: The Hunger Games: Songs from District 12 and Beyond,Eyes Open TV,7.73,9,7,9,5,10,10,50,1.98,1.05,0.45,1.55,1.20,1.50,TRUE,FALSE,FALSE,100.07,2012,2023,"""Every lesson forms a new scar
They never thought you'd make it this far""",Re-record release part of The More Red TV Chapter
The Tortured Poets Department: The Anthology,Peter,7.68,5,5,9,10,9,8,46,1.10,0.75,0.45,3.10,1.08,1.20,FALSE,FALSE,TRUE,11.28,2024,,"""Words from the mouths of babes
promises, oceans deep
But never to keep""",
folklore,betty,7.66,9,7,10,8,5,7,46,1.98,1.05,0.50,2.48,0.60,1.05,TRUE,TRUE,FALSE,8.14,2020,,"""Will you kiss me on the porch
In front of all your stupid friends?""",long pond studio sessions; Live from 2020 Academy of Country Music Awards
Speak Now,Back to December TV,7.63,8,9,7,6,8,9,47,1.76,1.35,0.35,1.86,0.96,1.35,TRUE,TRUE,FALSE,3.03,2010,2023,"""I'd go back to December, turn around and change my own mind""",Acoustic Version
The Tortured Poets Department: The Anthology,thanK you aIMee,7.45,7,6,9,9,6,7,44,1.54,0.90,0.45,2.79,0.72,1.05,FALSE,FALSE,TRUE,11.24,2024,,"""Everyone knows that my mother is a saintly woman
But she used to say she wished that you were dead""",
SINGLE: The Hunger Games: Songs from District 12 and Beyond,Safe and Sound (ft. Joy Williams and John Paul White),7.42,9,8,9,4,10,9,49,1.98,1.20,0.45,1.24,1.20,1.35,TRUE,FALSE,FALSE,100.06,2011,2023,"""Just close your eyes, the sun is going down
You'll be alright, no one can hurt you now""",Re-record release part of The More Red TV Chapter
The Tortured Poets Department: The Anthology,Chloe or Sam or Sophia or Marcus,7.37,6,7,9,8,6,9,45,1.32,1.05,0.45,2.48,0.72,1.35,FALSE,FALSE,TRUE,11.20,2024,,"""You needed me but you needed drugs more""",
Red,All Too Well TV,7.33,8,8,7,6,8,8,45,1.76,1.20,0.35,1.86,0.96,1.20,FALSE,TRUE,FALSE,4.05,2012,2021,"""But maybe this thing was a masterpiece 'til you tore it all up""",
Midnights (3am Edition),"Would've, Could've, Should've ",7.17,7,6,8,7,8,8,44,1.54,0.90,0.40,2.17,0.96,1.20,FALSE,FALSE,FALSE,10.19,2022,,"""God rest my soul, I miss who I used to be
The tomb won't close, stained glass windows in my mind""",
Speak Now,Better Than Revenge TV,7.14,8,2,8,9,7,7,41,1.76,0.30,0.40,2.79,0.84,1.05,FALSE,TRUE,FALSE,3.10,2010,2023,"""She underestimated just who she was stealing from""",Lyrics changed in TV
The Tortured Poets Department,I Can Do It With a Broken Heart,7.13,10,6,9,4,7,10,46,2.20,0.90,0.45,1.24,0.84,1.50,FALSE,TRUE,FALSE,11.13,2024,,"""I cry a lot but I am so productive, it's an art""",
Fearless,Love Story TV,7.03,8,7,7,6,8,7,43,1.76,1.05,0.35,1.86,0.96,1.05,TRUE,TRUE,FALSE,2.03,2008,2021,"""I talked to your dad, go pick out a white dress
It's a love story, baby, just say, 'Yes'""",Elvira remix
folklore,the last great american dynasty,6.93,7,4,10,9,5,6,41,1.54,0.60,0.50,2.79,0.60,0.90,FALSE,TRUE,FALSE,8.03,2020,,,long pond studio sessions
Midnights,Karma ,6.89,7,8,8,6,7,7,43,1.54,1.20,0.40,1.86,0.84,1.05,TRUE,FALSE,FALSE,10.11,2022,2023,,ft. Ice Spice version
The Tortured Poets Department: The Anthology,Cassandra,6.89,5,6,8,8,8,7,42,1.10,0.90,0.40,2.48,0.96,1.05,FALSE,FALSE,TRUE,11.27,2024,,,
Lover,Lover,6.85,6,6,6,7,8,8,41,1.32,0.90,0.30,2.17,0.96,1.20,TRUE,TRUE,FALSE,7.03,2019,,,Remix (ft. Shawn Mendes); First Dance Remix; Live from Paris
Lover (The More Lover Chapter),All The Girls You Loved Before ,6.85,6,6,6,7,8,8,41,1.32,0.90,0.30,2.17,0.96,1.20,TRUE,FALSE,TRUE,7.19,2023,,,Release part of The More Lover Chapter
folklore,the 1,6.82,7,5,7,7,8,7,41,1.54,0.75,0.35,2.17,0.96,1.05,FALSE,TRUE,FALSE,8.01,2020,,,long pond studio sessions
Lover,The Man,6.80,6,5,8,7,8,8,42,1.32,0.75,0.40,2.17,0.96,1.20,TRUE,TRUE,FALSE,7.04,2019,,,Live from Paris
Midnights (3am Edition),Bigger Than The Whole Sky ,6.78,7,7,8,7,6,6,41,1.54,1.05,0.40,2.17,0.72,0.90,FALSE,FALSE,FALSE,10.15,2022,,,
Midnights,Vigilante Shit,6.74,8,8,10,4,7,8,45,1.76,1.20,0.50,1.24,0.84,1.20,FALSE,FALSE,FALSE,10.08,2022,,,
Speak Now,Never Grow Up TV,6.69,7,8,8,7,4,6,40,1.54,1.20,0.40,2.17,0.48,0.90,FALSE,TRUE,FALSE,3.08,2010,2023,,
Reputation,...Ready For It?,6.53,5,5,4,7,8,9,38,1.10,0.75,0.20,2.17,0.96,1.35,TRUE,TRUE,FALSE,6.01,2017,,,BloodPop Remix
Speak Now,Enchanted TV,6.52,8,5,6,5,8,8,40,1.76,0.75,0.30,1.55,0.96,1.20,FALSE,TRUE,FALSE,3.09,2010,2023,,
folklore,epiphany,6.42,6,8,5,8,6,3,36,1.32,1.20,0.25,2.48,0.72,0.45,FALSE,TRUE,FALSE,8.13,2020,,,long pond studio sessions
1989 TV,Now That We Don't Talk TV FTV,6.40,7,7,6,6,5,7,38,1.54,1.05,0.30,1.86,0.60,1.05,FALSE,FALSE,TRUE,5.19,2023,,,
1989 TV,Is It Over Now? TV FTV,6.37,6,6,5,6,7,8,38,1.32,0.90,0.25,1.86,0.84,1.20,FALSE,FALSE,TRUE,5.21,2023,,,
Lover,The Archer,6.35,6,6,9,8,5,4,38,1.32,0.90,0.45,2.48,0.60,0.60,FALSE,TRUE,FALSE,7.05,2019,,,Live from Paris
Lover,Miss Americana & The Heartbreak Prince,6.29,4,7,6,7,7,7,38,0.88,1.05,0.30,2.17,0.84,1.05,FALSE,TRUE,FALSE,7.07,2019,,,
Midnights (3am Edition),Glitch ,6.09,5,3,10,8,3,8,37,1.10,0.45,0.50,2.48,0.36,1.20,FALSE,FALSE,FALSE,10.18,2022,,,
The Tortured Poets Department,Who's Afraid of Little Old Me?,6.07,9,8,7,2,6,8,40,1.98,1.20,0.35,0.62,0.72,1.20,FALSE,TRUE,FALSE,11.10,2024,,,
Lover,You Need To Calm Down,6.06,4,3,8,7,8,8,38,0.88,0.45,0.40,2.17,0.96,1.20,TRUE,TRUE,FALSE,7.14,2019,,,Clean Bandit Remix; Live from Paris
Red,Red TV,5.90,5,5,6,6,7,7,36,1.10,0.75,0.30,1.86,0.84,1.05,TRUE,TRUE,FALSE,4.02,2012,2021,,Original Demo Recording
1989 (Deluxe Edition),New Romantics TV,5.88,7,2,6,5,7,9,36,1.54,0.30,0.30,1.55,0.84,1.35,FALSE,FALSE,TRUE,5.16,2014,2023,,
Speak Now TV,I Can See You TV FTV,5.86,6,4,7,5,7,8,37,1.32,0.60,0.35,1.55,0.84,1.20,FALSE,FALSE,TRUE,3.20,2023,,,
Red TV,Message in a Bottle TV FTV,5.86,4,2,7,7,8,8,36,0.88,0.30,0.35,2.17,0.96,1.20,TRUE,FALSE,TRUE,4.24,2021,,,Fat Max G Remix
Reputation,Getaway Car,5.84,6,5,6,5,6,8,36,1.32,0.75,0.30,1.55,0.72,1.20,TRUE,TRUE,FALSE,6.09,2017,,,
Midnights,"You're On Your Own, Kid ",5.82,6,7,8,5,5,6,37,1.32,1.05,0.40,1.55,0.60,0.90,FALSE,FALSE,FALSE,10.05,2022,,,
Midnights,Mastermind ,5.82,6,7,8,5,5,6,37,1.32,1.05,0.40,1.55,0.60,0.90,FALSE,FALSE,FALSE,10.13,2022,,,
The Tortured Poets Department,"So Long, London",5.75,4,5,6,7,5,7,34,0.88,0.75,0.30,2.17,0.60,1.05,FALSE,TRUE,FALSE,11.05,2024,,,
evermore,marjorie,5.73,3,7,10,7,5,5,37,0.66,1.05,0.50,2.17,0.60,0.75,FALSE,TRUE,FALSE,9.13,2020,,,
Fearless,You Belong with Me TV,5.69,8,4,1,4,7,8,32,1.76,0.60,0.05,1.24,0.84,1.20,TRUE,TRUE,FALSE,2.06,2008,2021,,
Reputation,Delicate,5.66,6,5,6,5,7,6,35,1.32,0.75,0.30,1.55,0.84,0.90,TRUE,TRUE,FALSE,6.05,2017,,,Seeb Remix; Sawyr And Ryan Tedder Mix; Recorded at the Tracking Room Nashville
Lover,Cruel Summer,5.62,5,2,5,7,5,8,32,1.10,0.30,0.25,2.17,0.60,1.20,TRUE,TRUE,FALSE,7.02,2019,,,
Reputation,I Did Something Bad,5.53,2,4,7,6,9,8,36,0.44,0.60,0.35,1.86,1.08,1.20,FALSE,TRUE,FALSE,6.03,2017,,,
Red TV,I Bet You Think About Me (ft. Chris Stapleton) TV FTV ,5.41,4,5,6,6,6,6,33,0.88,0.75,0.30,1.86,0.72,0.90,TRUE,FALSE,TRUE,4.25,2021,,,
SINGLE: Where the Crawdads Sing Soundtrack,Carolina ,5.40,2,2,4,8,4,10,30,0.44,0.30,0.20,2.48,0.48,1.50,TRUE,FALSE,FALSE,100.13,2022,,,
The Tortured Poets Department: The Anthology,So High School,5.36,8,3,9,3,6,7,36,1.76,0.45,0.45,0.93,0.72,1.05,FALSE,FALSE,TRUE,11.22,2024,,,
Reputation,This Is Why We Can't Have Nice Things,5.35,4,2,8,8,2,7,31,0.88,0.30,0.40,2.48,0.24,1.05,FALSE,TRUE,FALSE,6.13,2017,,,
The Tortured Poets Department,But Daddy I Love Him,5.35,9,2,5,3,7,7,33,1.98,0.30,0.25,0.93,0.84,1.05,FALSE,TRUE,FALSE,11.06,2024,,,
Midnights,Bejeweled ,5.30,7,3,6,4,6,7,33,1.54,0.45,0.30,1.24,0.72,1.05,FALSE,FALSE,FALSE,10.09,2022,,,
1989,Wildest Dreams TV,5.26,3,4,5,6,7,7,32,0.66,0.60,0.25,1.86,0.84,1.05,TRUE,TRUE,FALSE,5.09,2014,2021,,
SINGLE: Christmas,Christmas Tree Farm,5.12,3,6,6,5,8,5,33,0.66,0.90,0.30,1.55,0.96,0.75,TRUE,FALSE,FALSE,100.11,2019,,,Old Timey Version; Live from 2019 iHeartRadio Jingle Ball
Lover,Death By A Thousand Cuts,5.09,6,5,5,4,4,7,31,1.32,0.75,0.25,1.24,0.48,1.05,FALSE,TRUE,FALSE,7.10,2019,,,Live from Paris
Red,22 TV,5.07,5,2,3,4,9,8,31,1.10,0.30,0.15,1.24,1.08,1.20,TRUE,TRUE,FALSE,4.06,2012,2021,,
Red TV,Forever Winter TV FTV,4.98,2,6,5,6,4,7,30,0.44,0.90,0.25,1.86,0.48,1.05,FALSE,FALSE,TRUE,4.26,2021,,,
evermore,evermore (ft. Bon Iver),4.81,4,6,5,5,4,5,29,0.88,0.90,0.25,1.55,0.48,0.75,FALSE,TRUE,FALSE,9.15,2020,,,
The Tortured Poets Department,loml,4.80,2,6,4,5,3,9,29,0.44,0.90,0.20,1.55,0.36,1.35,FALSE,TRUE,FALSE,11.12,2024,,,
SINGLE: Fifty Shades Darker (Original Motion Picture Soundtrack),I Don't Wanna Live Forever (Zayn Malik and Taylor Swift),4.80,7,1,5,4,6,6,29,1.54,0.15,0.25,1.24,0.72,0.90,TRUE,FALSE,FALSE,100.09,2016,,,
The Tortured Poets Department,The Alchemy,4.71,7,6,6,5,1,2,27,1.54,0.90,0.30,1.55,0.12,0.30,FALSE,TRUE,FALSE,11.15,2024,,,
folklore,mad woman,4.68,5,5,7,5,4,3,29,1.10,0.75,0.35,1.55,0.48,0.45,FALSE,TRUE,FALSE,8.12,2020,,,long pond studio sessions
folklore,hoax,4.56,5,6,4,5,3,3,26,1.10,0.90,0.20,1.55,0.36,0.45,FALSE,TRUE,FALSE,8.16,2020,,,long pond studio sessions
Speak Now,Mean TV,4.54,3,2,7,5,4,8,29,0.66,0.30,0.35,1.55,0.48,1.20,TRUE,TRUE,FALSE,3.06,2010,2023,,
Midnights (3am Edition),High Infidelity,4.54,3,5,4,5,4,6,27,0.66,0.75,0.20,1.55,0.48,0.90,FALSE,FALSE,FALSE,10.17,2022,,,
evermore,gold rush,4.53,3,5,6,6,3,4,27,0.66,0.75,0.30,1.86,0.36,0.60,FALSE,TRUE,FALSE,9.03,2020,,,
Red,Ronan TV,4.53,2,6,6,7,1,4,26,0.44,0.90,0.30,2.17,0.12,0.60,TRUE,FALSE,TRUE,4.20,2012,2021,,
The Tortured Poets Department,Florida!!! (ft. Florence + The Machine),4.46,5,1,6,6,5,3,26,1.10,0.15,0.30,1.86,0.60,0.45,FALSE,TRUE,FALSE,11.08,2024,,,
Lover,Paper Rings,4.45,4,5,3,3,7,6,28,0.88,0.75,0.15,0.93,0.84,0.90,FALSE,TRUE,FALSE,7.08,2019,,,
Speak Now TV,Timeless TV FTV,4.43,1,5,6,7,2,5,26,0.22,0.75,0.30,2.17,0.24,0.75,FALSE,FALSE,TRUE,3.23,2023,,,
1989 TV,"""Slut!"" TV FTV",4.41,2,5,5,6,3,5,26,0.44,0.75,0.25,1.86,0.36,0.75,FALSE,FALSE,TRUE,5.17,2023,,,
evermore,tis the damn season,4.31,6,3,3,5,2,4,23,1.32,0.45,0.15,1.55,0.24,0.60,FALSE,TRUE,FALSE,9.04,2020,,,
Debut (Taylor Swift),Teardrops on My Guitar,4.30,4,5,4,4,4,5,26,0.88,0.75,0.20,1.24,0.48,0.75,TRUE,TRUE,FALSE,1.03,2006,,,Radio Single Remix; Pop Version; Acoustic Version; International Mix
SINGLE: Cats,Beautiful Ghosts,4.21,1,5,4,4,5,8,27,0.22,0.75,0.20,1.24,0.60,1.20,TRUE,FALSE,FALSE,100.10,2019,,,
Lover,It's Nice To Have A Friend,4.20,1,6,6,5,4,5,27,0.22,0.90,0.30,1.55,0.48,0.75,FALSE,TRUE,FALSE,7.17,2019,,,
Speak Now,Innocent TV,4.17,2,5,7,5,4,4,27,0.44,0.75,0.35,1.55,0.48,0.60,FALSE,TRUE,FALSE,3.11,2010,2023,,
Lover,False God,4.15,2,3,5,7,2,4,23,0.44,0.45,0.25,2.17,0.24,0.60,FALSE,TRUE,FALSE,7.13,2019,,,
SINGLE: Hannah Montana: The Movie,Crazier,4.14,1,5,6,5,6,4,27,0.22,0.75,0.30,1.55,0.72,0.60,FALSE,FALSE,FALSE,100.05,2009,,,
Red,We Are Never Ever Getting Back Together TV,4.12,4,2,3,3,8,6,26,0.88,0.30,0.15,0.93,0.96,0.90,TRUE,TRUE,FALSE,4.08,2012,2021,,
Red,The Moment I Knew TV,4.11,2,6,4,5,1,6,24,0.44,0.90,0.20,1.55,0.12,0.90,FALSE,FALSE,TRUE,4.17,2012,2021,,
Speak Now,Dear John TV,4.09,1,5,5,5,6,4,26,0.22,0.75,0.25,1.55,0.72,0.60,FALSE,TRUE,FALSE,3.05,2010,2023,,
The Tortured Poets Department,Down Bad,3.99,6,3,6,3,2,5,25,1.32,0.45,0.30,0.93,0.24,0.75,FALSE,TRUE,FALSE,11.04,2024,,,
Red,Come Back...Be Here TV,3.98,4,7,5,3,1,5,25,0.88,1.05,0.25,0.93,0.12,0.75,FALSE,FALSE,TRUE,4.18,2012,2021,,
1989,I Know Places TV,3.97,1,3,5,5,5,6,25,0.22,0.45,0.25,1.55,0.60,0.90,FALSE,TRUE,FALSE,5.12,2014,2023,,Voice Memo
Speak Now,Haunted TV,3.94,2,4,5,4,3,7,25,0.44,0.60,0.25,1.24,0.36,1.05,FALSE,TRUE,FALSE,3.12,2010,2023,,Acoustic Version
Lover,I Think He Knows,3.94,2,2,7,6,2,5,24,0.44,0.30,0.35,1.86,0.24,0.75,FALSE,TRUE,FALSE,7.06,2019,,,
Reputation,Look What You Made Me Do,3.94,4,3,5,2,7,6,27,0.88,0.45,0.25,0.62,0.84,0.90,TRUE,TRUE,FALSE,6.06,2017,,,
The Tortured Poets Department,My Boy Only Breaks His Favorite Toys,3.93,5,2,5,6,1,2,21,1.10,0.30,0.25,1.86,0.12,0.30,FALSE,TRUE,FALSE,11.03,2024,,,
Reputation,New Year's Day,3.92,1,4,5,6,2,5,23,0.22,0.60,0.25,1.86,0.24,0.75,TRUE,TRUE,FALSE,6.15,2017,,,
The Tortured Poets Department: The Anthology,Robin,3.90,1,4,7,3,5,8,28,0.22,0.60,0.35,0.93,0.60,1.20,FALSE,FALSE,TRUE,11.30,2024,,,
Lover,Afterglow,3.84,2,3,5,6,2,4,22,0.44,0.45,0.25,1.86,0.24,0.60,FALSE,TRUE,FALSE,7.15,2019,,,
Debut (Taylor Swift),Should've Said No,3.84,4,5,4,3,4,4,24,0.88,0.75,0.20,0.93,0.48,0.60,TRUE,TRUE,FALSE,1.09,2006,,,Alternate Version; International Mix; 3D Concert Experience (ft. Jonas Brothers)
The Tortured Poets Department,Fortnight (ft. Post Malone),3.84,4,2,7,3,4,6,26,0.88,0.30,0.35,0.93,0.48,0.90,TRUE,TRUE,FALSE,11.01,2024,,,
Red,I Knew You Were Trouble TV,3.81,3,1,2,2,9,8,25,0.66,0.15,0.10,0.62,1.08,1.20,TRUE,TRUE,FALSE,4.04,2012,2021,,
1989,Style TV,3.80,3,2,5,4,5,5,24,0.66,0.30,0.25,1.24,0.60,0.75,TRUE,TRUE,FALSE,5.03,2014,2023,,
Midnights,Snow On The Beach (More Lana Del Rey version),3.79,3,2,3,4,2,8,22,0.66,0.30,0.15,1.24,0.24,1.20,FALSE,FALSE,FALSE,10.04,2022,2023,,Original ft. Lana Del Rey
The Tortured Poets Department,The Tortured Poets Department,3.78,4,1,1,6,2,4,18,0.88,0.15,0.05,1.86,0.24,0.60,FALSE,TRUE,FALSE,11.02,2024,,,
Lover,Cornelia Street,3.77,3,2,6,5,3,4,23,0.66,0.30,0.30,1.55,0.36,0.60,FALSE,TRUE,FALSE,7.09,2019,,,Live from Paris
Fearless TV,Mr. Perfectly Fine TV FTV,3.77,3,4,4,3,4,6,24,0.66,0.60,0.20,0.93,0.48,0.90,FALSE,FALSE,TRUE,2.21,2021,,,
1989,Bad Blood TV,3.75,3,1,5,5,2,6,22,0.66,0.15,0.25,1.55,0.24,0.90,TRUE,TRUE,FALSE,5.08,2014,2023,,Bad Blood Feat. Kendrick Lamar
Midnights,Midnight Rain ,3.75,3,2,4,4,5,5,23,0.66,0.30,0.20,1.24,0.60,0.75,FALSE,FALSE,FALSE,10.06,2022,,,
Midnights (Lavender Edition),Hits Different ,3.74,6,4,4,3,2,3,22,1.32,0.60,0.20,0.93,0.24,0.45,FALSE,FALSE,TRUE,10.21,2022,2023,,
Reputation,Gorgeous ,3.72,4,2,3,2,6,7,24,0.88,0.30,0.15,0.62,0.72,1.05,FALSE,TRUE,FALSE,6.08,2017,,,
evermore,coney island (ft. The National) ,3.72,2,3,6,4,2,7,24,0.44,0.45,0.30,1.24,0.24,1.05,TRUE,TRUE,FALSE,9.09,2020,,,
Midnights,Anti-Hero ,3.70,4,2,8,2,5,6,27,0.88,0.30,0.40,0.62,0.60,0.90,TRUE,FALSE,FALSE,10.03,2022,,,Ft. Bleachers; Roosevelt Remix; Kungs Remix; Jayda G Remix; ILLENIUM Remix; Acoustic Version
Midnights,Lavender Haze,3.69,4,3,3,2,2,9,23,0.88,0.45,0.15,0.62,0.24,1.35,TRUE,FALSE,FALSE,10.01,2022,,,Tensnake Remix; Snakehips Remix; Jungle Remix; Felix Jaehn Remix; Acoustic Version
Lover,Daylight,3.66,1,4,6,5,2,5,23,0.22,0.60,0.30,1.55,0.24,0.75,FALSE,TRUE,FALSE,7.18,2019,,,Live from Paris
Red,Sad Beautiful Tragic TV,3.65,2,6,4,4,1,5,22,0.44,0.90,0.20,1.24,0.12,0.75,FALSE,TRUE,FALSE,4.12,2012,2021,,
1989,Shake It Off TV,3.64,3,1,8,3,5,6,26,0.66,0.15,0.40,0.93,0.60,0.90,TRUE,TRUE,FALSE,5.06,2014,2023,,
The Tortured Poets Department,Fresh Out The Slammer,3.62,6,2,4,3,1,5,21,1.32,0.30,0.20,0.93,0.12,0.75,FALSE,TRUE,FALSE,11.07,2024,,,
Red TV,The Very First Night TV FTV,3.57,1,3,5,4,3,7,23,0.22,0.45,0.25,1.24,0.36,1.05,FALSE,FALSE,TRUE,4.28,2021,,,
Lover,Soon You'll Get Better (ft. The Chicks),3.57,1,5,5,4,3,5,23,0.22,0.75,0.25,1.24,0.36,0.75,FALSE,TRUE,FALSE,7.12,2019,,,
Red TV,Run (ft. Ed Sheeran) TV FTV,3.55,1,5,4,4,2,6,22,0.22,0.75,0.20,1.24,0.24,0.90,FALSE,FALSE,TRUE,4.27,2021,,,
Red,Treacherous TV,3.52,2,3,5,4,2,6,22,0.44,0.45,0.25,1.24,0.24,0.90,FALSE,TRUE,FALSE,4.03,2012,2021,,Original Demo Recording
Midnights (The Til Dawn Edition),Youâ€™re Losing Me,3.51,2,4,5,3,2,7,23,0.44,0.60,0.25,0.93,0.24,1.05,FALSE,FALSE,TRUE,10.22,2023,,,
Reputation,Call It What You Want,3.43,2,2,6,5,2,4,21,0.44,0.30,0.30,1.55,0.24,0.60,FALSE,TRUE,FALSE,6.14,2017,,,
Speak Now,Speak Now TV,3.40,1,3,6,3,5,6,24,0.22,0.45,0.30,0.93,0.60,0.90,FALSE,TRUE,FALSE,3.04,2010,2023,,
Speak Now,Mine TV,3.34,3,3,2,3,5,4,20,0.66,0.45,0.10,0.93,0.60,0.60,TRUE,TRUE,FALSE,3.01,2010,2023,,POP Mix
1989,Clean TV,3.33,1,2,6,5,3,4,21,0.22,0.30,0.30,1.55,0.36,0.60,FALSE,TRUE,FALSE,5.13,2014,2023,,
1989,I Wish You Would TV,3.32,3,3,4,3,4,4,21,0.66,0.45,0.20,0.93,0.48,0.60,FALSE,TRUE,FALSE,5.07,2014,2023,,Voice Memo
Red,The Last Time (ft. Gary Lightbody) TV,3.25,2,4,5,4,1,4,20,0.44,0.60,0.25,1.24,0.12,0.60,TRUE,TRUE,FALSE,4.10,2012,2021,,
The Tortured Poets Department: The Anthology,imgonnagetyouback,3.17,1,2,2,6,2,3,16,0.22,0.30,0.10,1.86,0.24,0.45,FALSE,FALSE,TRUE,11.18,2024,,,
Reputation,"End Game (ft. Ed Sheeran, Future)",3.16,2,2,6,2,5,6,23,0.44,0.30,0.30,0.62,0.60,0.90,TRUE,TRUE,FALSE,6.02,2017,,,
Reputation,Don't Blame Me,3.16,2,3,4,3,2,6,20,0.44,0.45,0.20,0.93,0.24,0.90,FALSE,TRUE,FALSE,6.04,2017,,,
Speak Now (Deluxe Edition),Superman TV,3.15,2,3,2,3,4,5,19,0.44,0.45,0.10,0.93,0.48,0.75,FALSE,FALSE,TRUE,3.17,2010,2023,,
The Tortured Poets Department: The Anthology,I Look in People's Windows,3.13,2,2,6,5,2,2,19,0.44,0.30,0.30,1.55,0.24,0.30,FALSE,FALSE,TRUE,11.25,2024,,,
Reputation,King Of My Heart,3.13,1,3,5,5,3,2,19,0.22,0.45,0.25,1.55,0.36,0.30,FALSE,TRUE,FALSE,6.10,2017,,,
Speak Now TV,When Emma Falls in Love TV FTV,3.11,1,3,4,5,2,3,18,0.22,0.45,0.20,1.55,0.24,0.45,FALSE,FALSE,TRUE,3.19,2023,,,
1989,Out of the Woods TV,3.09,4,2,2,1,5,6,20,0.88,0.30,0.10,0.31,0.60,0.90,TRUE,TRUE,FALSE,5.04,2014,2023,,
Lover,I Forgot That You Existed,3.06,1,2,6,5,2,3,19,0.22,0.30,0.30,1.55,0.24,0.45,FALSE,TRUE,FALSE,7.01,2019,,,
Red,I Almost Do TV,2.99,1,4,5,3,2,5,20,0.22,0.60,0.25,0.93,0.24,0.75,FALSE,TRUE,FALSE,4.07,2012,2021,,
Midnights,Labyrinth ,2.95,2,4,3,2,2,6,19,0.44,0.60,0.15,0.62,0.24,0.90,FALSE,FALSE,FALSE,10.10,2022,,,
Fearless,Fearless TV,2.94,3,2,2,2,3,6,18,0.66,0.30,0.10,0.62,0.36,0.90,TRUE,TRUE,FALSE,2.01,2008,2021,,
Midnights (3am Edition),The Great War ,2.89,2,1,5,4,3,3,18,0.44,0.15,0.25,1.24,0.36,0.45,FALSE,FALSE,FALSE,10.14,2022,,,
1989 TV,Say Don't Go TV FTV,2.88,1,3,4,3,4,4,19,0.22,0.45,0.20,0.93,0.48,0.60,FALSE,FALSE,TRUE,5.18,2023,,,
folklore,peace,2.87,4,3,4,2,1,4,18,0.88,0.45,0.20,0.62,0.12,0.60,FALSE,TRUE,FALSE,8.15,2020,,,long pond studio sessions
The Tortured Poets Department: The Anthology,I Hate It Here,2.87,5,3,7,1,3,2,21,1.10,0.45,0.35,0.31,0.36,0.30,FALSE,FALSE,TRUE,11.23,2024,,,
Reputation,So It Goes...,2.86,2,2,4,3,2,5,18,0.44,0.30,0.20,0.93,0.24,0.75,FALSE,TRUE,FALSE,6.07,2017,,,
Speak Now,Long Live TV,2.83,3,3,2,3,2,3,16,0.66,0.45,0.10,0.93,0.24,0.45,FALSE,TRUE,FALSE,3.14,2010,2023,,
Speak Now,The Story of Us TV,2.76,2,3,2,3,2,4,16,0.44,0.45,0.10,0.93,0.24,0.60,TRUE,TRUE,FALSE,3.07,2010,2023,,
Red TV,Better Man TV FTV,2.75,2,2,4,4,1,3,16,0.44,0.30,0.20,1.24,0.12,0.45,FALSE,FALSE,TRUE,4.21,2021,,,Originally released on Little Big Town album in 2016
evermore,dorothea,2.74,2,3,4,3,1,4,17,0.44,0.45,0.20,0.93,0.12,0.60,FALSE,TRUE,FALSE,9.08,2020,,,
Speak Now,Last Kiss TV,2.65,2,4,3,2,2,4,17,0.44,0.60,0.15,0.62,0.24,0.60,FALSE,TRUE,FALSE,3.13,2010,2023,,
Speak Now (Deluxe Edition),Ours TV,2.64,1,2,3,5,1,2,14,0.22,0.30,0.15,1.55,0.12,0.30,TRUE,FALSE,TRUE,3.15,2010,2023,,
Reputation,Dancing With Our Hands Tied,2.64,1,2,4,3,2,5,17,0.22,0.30,0.20,0.93,0.24,0.75,FALSE,TRUE,FALSE,6.11,2017,,,
Midnights,Sweet Nothing ,2.63,1,3,6,4,1,2,17,0.22,0.45,0.30,1.24,0.12,0.30,FALSE,FALSE,FALSE,10.12,2022,,,
1989 TV,Suburban Legends TV FTV,2.49,1,3,4,3,2,3,16,0.22,0.45,0.20,0.93,0.24,0.45,FALSE,FALSE,TRUE,5.20,2023,,,
SINGLE: Featured in Miss Americana,Only the Young,2.47,1,3,10,1,2,5,22,0.22,0.45,0.50,0.31,0.24,0.75,TRUE,FALSE,FALSE,100.12,2020,,,
Red,State Of Grace TV,2.45,2,3,2,2,2,4,15,0.44,0.45,0.10,0.62,0.24,0.60,FALSE,TRUE,FALSE,4.01,2012,2021,,Acoustic Version
Lover,London Boy,2.44,1,2,3,3,2,4,15,0.22,0.30,0.15,0.93,0.24,0.60,FALSE,TRUE,FALSE,7.11,2019,,,
evermore (deluxe edition),it's time to go,2.44,2,1,4,3,1,4,15,0.44,0.15,0.20,0.93,0.12,0.60,FALSE,FALSE,TRUE,9.17,2020,,,
Red,Holy Ground TV,2.44,2,2,4,3,1,3,15,0.44,0.30,0.20,0.93,0.12,0.45,FALSE,TRUE,FALSE,4.11,2012,2021,,
SINGLE: Taylor Swift Holiday Collection,Christmases When You Were Mine,2.42,1,1,4,2,4,5,17,0.22,0.15,0.20,0.62,0.48,0.75,TRUE,FALSE,FALSE,100.02,2007,,,
1989,Blank Space TV,2.39,2,1,2,2,4,4,15,0.44,0.15,0.10,0.62,0.48,0.60,TRUE,TRUE,FALSE,5.02,2014,2023,,Voice Memo
Fearless,You're Not Sorry TV,2.38,1,5,5,2,2,2,17,0.22,0.75,0.25,0.62,0.24,0.30,FALSE,TRUE,FALSE,2.09,2008,2021,,
Speak Now TV,Foolish One TV FTV,2.34,1,3,4,3,2,2,15,0.22,0.45,0.20,0.93,0.24,0.30,FALSE,FALSE,TRUE,3.22,2023,,,
Speak Now,Sparks Fly TV,2.32,1,2,2,2,4,4,15,0.22,0.30,0.10,0.62,0.48,0.60,TRUE,TRUE,FALSE,3.02,2010,2023,,
Red,Begin Again TV,2.32,1,4,3,3,1,2,14,0.22,0.60,0.15,0.93,0.12,0.30,TRUE,TRUE,FALSE,4.16,2012,2021,,
evermore,closure,2.30,1,2,3,1,1,8,16,0.22,0.30,0.15,0.31,0.12,1.20,FALSE,TRUE,FALSE,9.14,2020,,,
Speak Now TV,Electric Touch (ft. Fall Out Boy) TV FTV,2.28,1,3,3,2,2,4,15,0.22,0.45,0.15,0.62,0.24,0.60,FALSE,FALSE,TRUE,3.18,2023,,,
1989 (Deluxe Edition),Wonderland TV,2.23,1,2,4,4,1,1,13,0.22,0.30,0.20,1.24,0.12,0.15,FALSE,FALSE,TRUE,5.14,2014,2023,,
1989 (Deluxe Edition),You Are In Love TV,2.20,2,2,3,2,2,3,14,0.44,0.30,0.15,0.62,0.24,0.45,FALSE,FALSE,TRUE,5.15,2014,2023,,
1989,How You Get the Girl TV,2.19,1,2,4,3,2,2,14,0.22,0.30,0.20,0.93,0.24,0.30,FALSE,TRUE,FALSE,5.10,2014,2023,,
1989,This Love TV,2.19,1,4,2,1,3,4,15,0.22,0.60,0.10,0.31,0.36,0.60,FALSE,TRUE,FALSE,5.11,2014,2022,,
Midnights (3am Edition),Dear Reader ,2.13,1,2,3,2,2,4,14,0.22,0.30,0.15,0.62,0.24,0.60,FALSE,FALSE,FALSE,10.20,2022,,,
Fearless,Change TV,2.09,1,2,2,3,2,2,12,0.22,0.30,0.10,0.93,0.24,0.30,FALSE,TRUE,FALSE,2.13,2008,2021,,
Midnights,Question...? ,2.07,1,1,3,2,4,3,14,0.22,0.15,0.15,0.62,0.48,0.45,FALSE,FALSE,FALSE,10.07,2022,,,
Debut (Taylor Swift),Our Song,2.07,2,2,3,1,1,5,14,0.44,0.30,0.15,0.31,0.12,0.75,TRUE,TRUE,FALSE,1.11,2006,,,International Mix
Red,The Lucky One TV,2.07,1,2,4,3,1,2,13,0.22,0.30,0.20,0.93,0.12,0.30,FALSE,TRUE,FALSE,4.13,2012,2021,,
Speak Now (Deluxe Edition),If This Was A Movie TV,2.05,2,1,3,2,2,3,13,0.44,0.15,0.15,0.62,0.24,0.45,FALSE,FALSE,TRUE,3.16,2010,2023,,"Originally released on Speak Now Deluxe in 2010, then was re-released in 2023 on Fearless TV"
Red TV,Babe TV FTV,2.02,1,1,4,1,2,6,15,0.22,0.15,0.20,0.31,0.24,0.90,FALSE,FALSE,TRUE,4.23,2021,,,Originally released on Sugarland album ft. TS in 2018
SINGLE: Taylor Swift Holiday Collection,Christmas Must Be Something More,2.01,1,1,3,2,1,5,13,0.22,0.15,0.15,0.62,0.12,0.75,TRUE,FALSE,FALSE,100.03,2007,,,
Red,Girl At Home TV,1.96,1,2,5,2,1,3,14,0.22,0.30,0.25,0.62,0.12,0.45,FALSE,FALSE,TRUE,4.19,2012,2021,,
SINGLE: Beautiful Eyes EP,Beautiful Eyes,1.96,1,1,1,1,4,5,13,0.22,0.15,0.05,0.31,0.48,0.75,TRUE,FALSE,FALSE,100.04,2008,,,
Midnights (3am Edition),Paris ,1.92,1,2,4,3,1,1,12,0.22,0.30,0.20,0.93,0.12,0.15,FALSE,FALSE,FALSE,10.16,2022,,,
Debut (Taylor Swift),Picture to Burn,1.91,3,2,2,1,2,2,12,0.66,0.30,0.10,0.31,0.24,0.30,TRUE,TRUE,FALSE,1.02,2006,,,Radio Edit
evermore,happiness,1.90,1,2,1,1,1,6,12,0.22,0.30,0.05,0.31,0.12,0.90,FALSE,TRUE,FALSE,9.07,2020,,,
Lover,ME! (ft. Brendon Urie),1.86,1,1,3,2,1,4,12,0.22,0.15,0.15,0.62,0.12,0.60,TRUE,TRUE,FALSE,7.16,2019,,,Live from Paris
1989,All You Had to Do Was Stay TV,1.85,1,2,3,1,1,5,13,0.22,0.30,0.15,0.31,0.12,0.75,FALSE,TRUE,FALSE,5.05,2014,2023,,
Fearless TV,Don't You TV FTV,1.81,1,2,5,2,1,2,13,0.22,0.30,0.25,0.62,0.12,0.30,FALSE,FALSE,TRUE,2.24,2021,,,
Fearless,Hey Stephen TV,1.81,1,2,2,2,1,3,11,0.22,0.30,0.10,0.62,0.12,0.45,FALSE,TRUE,FALSE,2.04,2008,2021,,
Fearless,Tell Me Why TV,1.80,2,1,1,2,2,2,10,0.44,0.15,0.05,0.62,0.24,0.30,FALSE,TRUE,FALSE,2.08,2008,2021,,
Red,Stay Stay Stay TV,1.79,2,3,1,1,2,2,11,0.44,0.45,0.05,0.31,0.24,0.30,FALSE,TRUE,FALSE,4.09,2012,2021,,
The Tortured Poets Department: The Anthology,The Manuscript,1.79,1,2,3,1,3,3,13,0.22,0.30,0.15,0.31,0.36,0.45,FALSE,FALSE,TRUE,11.31,2024,,,
Debut (Taylor Swift),Tied Together with a Smile,1.76,1,3,1,2,1,2,10,0.22,0.45,0.05,0.62,0.12,0.30,FALSE,TRUE,FALSE,1.07,2006,,,
1989,Welcome to New York TV,1.75,1,1,1,1,1,6,11,0.22,0.15,0.05,0.31,0.12,0.90,FALSE,TRUE,FALSE,5.01,2014,2023,,
Fearless TV,We Were Happy TV FTV,1.73,1,2,1,2,2,2,10,0.22,0.30,0.05,0.62,0.24,0.30,FALSE,FALSE,TRUE,2.22,2021,,,
Fearless (Platinum Edition),Untouchable TV,1.66,1,2,2,2,1,2,10,0.22,0.30,0.10,0.62,0.12,0.30,FALSE,FALSE,TRUE,2.15,2009,2021,,
Fearless TV,You All Over Me (ft. Maren Morris) TV FTV,1.66,1,2,2,2,1,2,10,0.22,0.30,0.10,0.62,0.12,0.30,FALSE,FALSE,TRUE,2.20,2021,,,
Fearless (Platinum Edition),Jump Then Fall TV,1.66,1,3,2,2,1,1,10,0.22,0.45,0.10,0.62,0.12,0.15,FALSE,FALSE,TRUE,2.14,2009,2021,,
Red,Everything Has Changed (ft. Ed Sheeran) TV,1.65,1,3,2,1,1,3,11,0.22,0.45,0.10,0.31,0.12,0.45,TRUE,TRUE,FALSE,4.14,2012,2021,,Remix
Fearless,The Way I Loved You TV,1.63,1,1,2,2,2,2,10,0.22,0.15,0.10,0.62,0.24,0.30,FALSE,TRUE,FALSE,2.10,2008,2021,,
Red,Starlight TV,1.60,1,2,4,1,1,3,12,0.22,0.30,0.20,0.31,0.12,0.45,FALSE,TRUE,FALSE,4.15,2012,2021,,
Debut (Taylor Swift),A Place in This World ,1.46,1,2,1,2,1,1,8,0.22,0.30,0.05,0.62,0.12,0.15,FALSE,TRUE,FALSE,1.04,2006,,,
SINGLE: One Chance: The Incredible True Story of Paul Potts: Motion Picture Soundtrack,Sweeter Than Fiction,1.45,1,2,4,1,1,2,11,0.22,0.30,0.20,0.31,0.12,0.30,TRUE,FALSE,FALSE,100.08,2013,2023,,
Fearless TV,That's When (ft. Keith Urban) TV FTV,1.42,1,2,1,1,2,2,9,0.22,0.30,0.05,0.31,0.24,0.30,FALSE,FALSE,TRUE,2.23,2021,,,
Debut (Taylor Swift) (Deluxe Edition),Invisible,1.41,1,1,3,2,1,1,9,0.22,0.15,0.15,0.62,0.12,0.15,FALSE,FALSE,TRUE,1.13,2006,,,
Fearless,Fifteen TV,1.40,1,2,3,1,1,2,10,0.22,0.30,0.15,0.31,0.12,0.30,TRUE,TRUE,FALSE,2.02,2008,2021,,
Debut (Taylor Swift),The Outside,1.37,2,1,1,1,1,2,8,0.44,0.15,0.05,0.31,0.12,0.30,FALSE,TRUE,FALSE,1.06,2006,,,
Fearless TV,Bye Bye Baby TV FTV,1.37,2,1,1,1,1,2,8,0.44,0.15,0.05,0.31,0.12,0.30,FALSE,FALSE,TRUE,2.25,2021,,,
Fearless,The Best Day TV,1.36,1,1,2,2,1,1,8,0.22,0.15,0.10,0.62,0.12,0.15,FALSE,TRUE,FALSE,2.12,2008,2021,,
Debut (Taylor Swift),Cold as You ,1.35,1,2,2,1,1,2,9,0.22,0.30,0.10,0.31,0.12,0.30,FALSE,TRUE,FALSE,1.05,2006,,,
Debut (Taylor Swift) (Deluxe Edition),A Perfectly Good Heart,1.35,1,2,2,1,1,2,9,0.22,0.30,0.10,0.31,0.12,0.30,FALSE,FALSE,TRUE,1.14,2006,,,
Debut (Taylor Swift),Mary's Song Oh My My My,1.31,1,1,1,2,1,1,7,0.22,0.15,0.05,0.62,0.12,0.15,FALSE,TRUE,FALSE,1.10,2006,,,
Debut (Taylor Swift) (Deluxe Edition),I'm Only Me When I'm with You,1.30,1,2,1,1,1,2,8,0.22,0.30,0.05,0.31,0.12,0.30,FALSE,FALSE,TRUE,1.12,2006,,,
Fearless,White Horse TV,1.30,1,2,1,1,1,2,8,0.22,0.30,0.05,0.31,0.12,0.30,TRUE,TRUE,FALSE,2.05,2008,2021,,
Fearless (Platinum Edition),Come in with the Rain TV,1.30,1,2,1,1,1,2,8,0.22,0.30,0.05,0.31,0.12,0.30,FALSE,FALSE,TRUE,2.16,2009,2021,,
Fearless (Platinum Edition),The Other Side of the Door TV,1.30,1,2,1,1,1,2,8,0.22,0.30,0.05,0.31,0.12,0.30,FALSE,FALSE,TRUE,2.18,2009,2021,,
Fearless,Breathe (ft. Colbie Caillat) TV,1.20,1,1,2,1,1,2,8,0.22,0.15,0.10,0.31,0.12,0.30,FALSE,TRUE,FALSE,2.07,2008,2021,,
Fearless (Platinum Edition),Superstar TV,1.15,1,2,1,1,1,1,7,0.22,0.30,0.05,0.31,0.12,0.15,FALSE,FALSE,TRUE,2.17,2009,2021,,
Debut (Taylor Swift),Tim McGraw,1.05,1,1,2,1,1,1,7,0.22,0.15,0.10,0.31,0.12,0.15,TRUE,TRUE,FALSE,1.01,2006,,,
Fearless,Forever and Always TV,1.05,1,1,2,1,1,1,7,0.22,0.15,0.10,0.31,0.12,0.15,FALSE,TRUE,FALSE,2.11,2008,2021,,Piano Version
Debut (Taylor Swift),Stay Beautiful,1.00,1,1,1,1,1,1,6,0.22,0.15,0.05,0.31,0.12,0.15,FALSE,TRUE,FALSE,1.08,2006,,,
Fearless TV,Today Was a Fairytale TV ,1.00,1,1,1,1,1,1,6,0.22,0.15,0.05,0.31,0.12,0.15,TRUE,FALSE,TRUE,2.19,2010,2021,,
SINGLE: Beautiful Eyes EP; Best Buy Digital Download Bonus Track,I Heart ?,1.00,1,1,1,1,1,1,6,0.22,0.15,0.05,0.31,0.12,0.15,TRUE,FALSE,FALSE,100.01,2006,,,